{"cameraMode":{"drawMode":0,"name":"Shaded","section":"Shading Mode"},"sceneLighting":false,"audioPlay":false,"sceneViewState":{"m_AlwaysRefresh":false,"showFog":false,"showSkybox":false,"showFlares":false,"showImageEffects":false,"showParticleSystems":false,"showVisualEffectGraphs":true,"m_FxEnabled":true},"in2DMode":false,"pivot":{"x":-0.25764209032058718,"y":1.1401422023773194,"z":0.3884776532649994},"rotation":{"x":0.03793253004550934,"y":-0.9522669315338135,"z":0.27260276675224306,"w":0.1325388103723526},"size":1.8596450090408326,"orthographic":false}