{"cameraMode":{"drawMode":0,"name":"Shaded","section":"Shading Mode"},"sceneLighting":false,"audioPlay":false,"sceneViewState":{"m_AlwaysRefresh":false,"showFog":false,"showSkybox":false,"showFlares":false,"showImageEffects":false,"showParticleSystems":false,"showVisualEffectGraphs":true,"m_FxEnabled":true},"in2DMode":false,"pivot":{"x":-0.000704646110534668,"y":0.8125859498977661,"z":-0.006278902292251587},"rotation":{"x":0.01590164378285408,"y":0.9715819954872131,"z":-0.22731773555278779,"w":0.06946979463100434},"size":1.2612555027008057,"orthographic":false}