{"cameraMode":{"drawMode":0,"name":"Shaded","section":"Shading Mode"},"sceneLighting":true,"audioPlay":false,"sceneViewState":{"m_AlwaysRefresh":false,"showFog":true,"showSkybox":true,"showFlares":true,"showImageEffects":true,"showParticleSystems":true,"showVisualEffectGraphs":true,"m_FxEnabled":true},"in2DMode":false,"pivot":{"x":919.5369262695313,"y":580.6539306640625,"z":-1289.3021240234375},"rotation":{"x":0.016028840094804765,"y":-0.0012319594388827682,"z":0.0045537156984210018,"w":1.0016858577728272},"size":26.390398025512697,"orthographic":false}