{"cameraMode":{"drawMode":0,"name":"Shaded","section":"Shading Mode"},"sceneLighting":true,"audioPlay":false,"sceneViewState":{"m_AlwaysRefresh":false,"showFog":true,"showSkybox":true,"showFlares":true,"showImageEffects":true,"showParticleSystems":true,"showVisualEffectGraphs":true,"m_FxEnabled":true},"in2DMode":false,"pivot":{"x":44.19435119628906,"y":34.34766387939453,"z":-23.674251556396486},"rotation":{"x":0.3554379940032959,"y":0.0010189578169956804,"z":0.003058522706851363,"w":0.9357705116271973},"size":11.705394744873047,"orthographic":false}