{"cameraMode":{"drawMode":0,"name":"Shaded","section":"Shading Mode"},"sceneLighting":true,"audioPlay":false,"sceneViewState":{"m_AlwaysRefresh":false,"showFog":true,"showSkybox":true,"showFlares":true,"showImageEffects":true,"showParticleSystems":true,"showVisualEffectGraphs":true,"m_FxEnabled":true},"in2DMode":false,"pivot":{"x":23.695159912109376,"y":48.999149322509769,"z":-3.095426082611084},"rotation":{"x":0.4013088047504425,"y":-0.01648433692753315,"z":0.007228226866573095,"w":0.9158061146736145},"size":4.849741458892822,"orthographic":false}