{"cameraMode":{"drawMode":0,"name":"Shaded","section":"Shading Mode"},"sceneLighting":true,"audioPlay":false,"sceneViewState":{"m_AlwaysRefresh":false,"showFog":true,"showSkybox":true,"showFlares":true,"showImageEffects":true,"showParticleSystems":true,"showVisualEffectGraphs":true,"m_FxEnabled":true},"in2DMode":false,"pivot":{"x":923.9484252929688,"y":529.7191772460938,"z":-895.9246215820313},"rotation":{"x":0.012533357366919518,"y":0.0016586421988904477,"z":-0.0029311771504580976,"w":-1.0030359029769898},"size":63.639610290527347,"orthographic":false}