{"cameraMode":{"drawMode":0,"name":"Shaded","section":"Shading Mode"},"sceneLighting":true,"audioPlay":false,"sceneViewState":{"m_AlwaysRefresh":false,"showFog":true,"showSkybox":true,"showFlares":true,"showImageEffects":true,"showParticleSystems":true,"showVisualEffectGraphs":true,"m_FxEnabled":true},"in2DMode":false,"pivot":{"x":23.85175132751465,"y":53.01327133178711,"z":-6.359667778015137},"rotation":{"x":0.564961314201355,"y":0.0016847479855641723,"z":-0.0007364850607700646,"w":0.8302958011627197},"size":9.087182998657227,"orthographic":false}