{"cameraMode":{"drawMode":0,"name":"Shaded","section":"Shading Mode"},"sceneLighting":true,"audioPlay":false,"sceneViewState":{"m_AlwaysRefresh":false,"showFog":true,"showSkybox":true,"showFlares":true,"showImageEffects":true,"showParticleSystems":true,"showVisualEffectGraphs":true,"m_FxEnabled":true},"in2DMode":false,"pivot":{"x":234.18307495117188,"y":629.5430297851563,"z":0.06048583984375},"rotation":{"x":0.010012350045144558,"y":-0.0022570777218788864,"z":0.004815530963242054,"w":1.0016762018203736},"size":384.5459289550781,"orthographic":false}