{"cameraMode":{"drawMode":0,"name":"Shaded","section":"Shading Mode"},"sceneLighting":true,"audioPlay":false,"sceneViewState":{"m_AlwaysRefresh":false,"showFog":true,"showSkybox":true,"showFlares":true,"showImageEffects":true,"showParticleSystems":true,"showVisualEffectGraphs":true,"m_FxEnabled":true},"in2DMode":false,"pivot":{"x":952.0360717773438,"y":399.89208984375,"z":-385.82415771484377},"rotation":{"x":0.022060740739107133,"y":0.011943036690354348,"z":0.003017917973920703,"w":1.0006970167160035},"size":142.64028930664063,"orthographic":false}