{"cameraMode":{"drawMode":0,"name":"Shaded","section":"Shading Mode"},"sceneLighting":true,"audioPlay":false,"sceneViewState":{"m_AlwaysRefresh":false,"showFog":true,"showSkybox":true,"showFlares":true,"showImageEffects":true,"showParticleSystems":true,"showVisualEffectGraphs":true,"m_FxEnabled":true},"in2DMode":false,"pivot":{"x":28.358434677124025,"y":11.399209022521973,"z":22.526365280151368},"rotation":{"x":-0.2445475310087204,"y":-0.014891538769006729,"z":0.0032569977920502426,"w":-0.9698253273963928},"size":8.487049102783204,"orthographic":false}