{"cameraMode":{"drawMode":0,"name":"Shaded","section":"Shading Mode"},"sceneLighting":true,"audioPlay":false,"sceneViewState":{"m_AlwaysRefresh":false,"showFog":true,"showSkybox":true,"showFlares":true,"showImageEffects":true,"showParticleSystems":true,"showVisualEffectGraphs":true,"m_FxEnabled":true},"in2DMode":false,"pivot":{"x":958.0706787109375,"y":373.2384033203125,"z":-382.709716796875},"rotation":{"x":0.06802783906459809,"y":0.003078665817156434,"z":0.0030291578732430937,"w":0.9986866116523743},"size":142.64028930664063,"orthographic":false}