{"cameraMode":{"drawMode":0,"name":"Shaded","section":"Shading Mode"},"sceneLighting":true,"audioPlay":false,"sceneViewState":{"m_AlwaysRefresh":false,"showFog":true,"showSkybox":true,"showFlares":true,"showImageEffects":true,"showParticleSystems":true,"showVisualEffectGraphs":true,"m_FxEnabled":true},"in2DMode":false,"pivot":{"x":963.8428344726563,"y":610.1036987304688,"z":-1403.9422607421875},"rotation":{"x":0.0010301400907337666,"y":0.004711090121418238,"z":0.004598346073180437,"w":1.0017796754837037},"size":26.390398025512697,"orthographic":false}