{"cameraMode":{"drawMode":0,"name":"Shaded","section":"Shading Mode"},"sceneLighting":true,"audioPlay":false,"sceneViewState":{"m_AlwaysRefresh":false,"showFog":true,"showSkybox":true,"showFlares":true,"showImageEffects":true,"showParticleSystems":true,"showVisualEffectGraphs":true,"m_FxEnabled":true},"in2DMode":false,"pivot":{"x":24.748947143554689,"y":4.159224033355713,"z":22.974308013916017},"rotation":{"x":-0.046993110328912738,"y":0.006754216272383928,"z":-0.0006455313414335251,"w":-0.9991529583930969},"size":2.9508049488067629,"orthographic":false}