{"cameraMode":{"drawMode":0,"name":"Shaded","section":"Shading Mode"},"sceneLighting":true,"audioPlay":false,"sceneViewState":{"m_AlwaysRefresh":false,"showFog":true,"showSkybox":true,"showFlares":true,"showImageEffects":true,"showParticleSystems":true,"showVisualEffectGraphs":true,"m_FxEnabled":true},"in2DMode":false,"pivot":{"x":951.4168090820313,"y":775.8519897460938,"z":-1131.1573486328125},"rotation":{"x":0.07706420123577118,"y":-0.0009367382153868675,"z":0.004804358817636967,"w":0.9988528490066528},"size":26.390398025512697,"orthographic":false}