{"cameraMode":{"drawMode":0,"name":"Shaded","section":"Shading Mode"},"sceneLighting":true,"audioPlay":false,"sceneViewState":{"m_AlwaysRefresh":false,"showFog":true,"showSkybox":true,"showFlares":true,"showImageEffects":true,"showParticleSystems":true,"showVisualEffectGraphs":true,"m_FxEnabled":true},"in2DMode":false,"pivot":{"x":844.1554565429688,"y":715.7337646484375,"z":-1222.128662109375},"rotation":{"x":-0.040679916739463809,"y":-0.012594075873494149,"z":-0.004508507438004017,"w":-1.0022473335266114},"size":1.8645111322402955,"orthographic":false}