{"cameraMode":{"drawMode":0,"name":"Shaded","section":"Shading Mode"},"sceneLighting":true,"audioPlay":false,"sceneViewState":{"m_AlwaysRefresh":false,"showFog":true,"showSkybox":true,"showFlares":true,"showImageEffects":true,"showParticleSystems":true,"showVisualEffectGraphs":true,"m_FxEnabled":true},"in2DMode":false,"pivot":{"x":25.976524353027345,"y":4.924975395202637,"z":14.205660820007325},"rotation":{"x":-0.10426600277423859,"y":0.03406468778848648,"z":-0.003798958845436573,"w":-0.99420166015625},"size":0.6177589893341065,"orthographic":false}