{"cameraMode":{"drawMode":0,"name":"Shaded","section":"Shading Mode"},"sceneLighting":true,"audioPlay":false,"sceneViewState":{"m_AlwaysRefresh":false,"showFog":true,"showSkybox":true,"showFlares":true,"showImageEffects":true,"showParticleSystems":true,"showVisualEffectGraphs":true,"m_FxEnabled":true},"in2DMode":false,"pivot":{"x":1017.3832397460938,"y":730.2047729492188,"z":-659.984619140625},"rotation":{"x":0.02906855382025242,"y":0.0038514987099915745,"z":0.004978645592927933,"w":1.0012283325195313},"size":48.07455825805664,"orthographic":false}