{"cameraMode":{"drawMode":0,"name":"Shaded","section":"Shading Mode"},"sceneLighting":true,"audioPlay":false,"sceneViewState":{"m_AlwaysRefresh":false,"showFog":true,"showSkybox":true,"showFlares":true,"showImageEffects":true,"showParticleSystems":true,"showVisualEffectGraphs":true,"m_FxEnabled":true},"in2DMode":false,"pivot":{"x":35.029335021972659,"y":24.285240173339845,"z":14.133177757263184},"rotation":{"x":-0.5016654133796692,"y":-0.007436181418597698,"z":0.0045715454034507278,"w":-0.8711140155792236},"size":9.087182998657227,"orthographic":false}